archive_path,bytes,sha256,evaluated_source_commit,evaluated_source_tree,role
API_REFERENCE.md,1628,83399e26a459680660a40ec9debb9d6a1f84f23b9ea049d6ef2b33c9bc58037e,6d7d87b45c64c7f6f62ba818eb69b33c147d66e5,f2be0de9ac1c0d6cb55274d209254cab5b0f3f68,REPRODUCIBILITY_SUPPORT
Containerfile,543,afb6cdf276241827ffc5bb8a7d44a7345bb382e43977cfcc75ecddd503f17438,6d7d87b45c64c7f6f62ba818eb69b33c147d66e5,f2be0de9ac1c0d6cb55274d209254cab5b0f3f68,REPRODUCIBILITY_SUPPORT
FIXTURE_MANIFEST.csv,2052,baa9839c5ebca4d035cb707fc3a2a04594eb0217542575bb63790e4d7b3d81df,6d7d87b45c64c7f6f62ba818eb69b33c147d66e5,f2be0de9ac1c0d6cb55274d209254cab5b0f3f68,REPRODUCIBILITY_SUPPORT
INSTALLATION.md,1285,d7beee2b4053ea7b207af755a3b3d46c65601067ee3f5c2b3fabf89851d4cb8d,6d7d87b45c64c7f6f62ba818eb69b33c147d66e5,f2be0de9ac1c0d6cb55274d209254cab5b0f3f68,REPRODUCIBILITY_SUPPORT
REASON_CODE_MANIFEST.csv,1987,7317bfe7c11bcd960ddd60345fd5ef71928b5c3ed2afd23133f62b6f2149b9f3,6d7d87b45c64c7f6f62ba818eb69b33c147d66e5,f2be0de9ac1c0d6cb55274d209254cab5b0f3f68,REPRODUCIBILITY_SUPPORT
analysis_scripts/build_final_story_only_submission.py,100500,61c0bb21dbfa0dc94c2a33b4c47e59932eaf2819ff47eebcfb2051674fa70f25,CURRENT_SUBMISSION_BUILD,CURRENT_SUBMISSION_TREE,REPRODUCIBILITY_SUPPORT
analysis_scripts/build_source_data_workbook.mjs,5747,e1c8c8e6e2914211491c2e372085e229245461db279fa7d11e43e825e70bddeb,CURRENT_SUBMISSION_BUILD,CURRENT_SUBMISSION_TREE,REPRODUCIBILITY_SUPPORT
analysis_scripts/count_recompute.awk,860,81aea21a7d8520f0270feede950637202a5e6c6dbcfb6a3a9341f8576c3fe240,CURRENT_SUBMISSION_BUILD,CURRENT_SUBMISSION_TREE,REPRODUCIBILITY_SUPPORT
analysis_scripts/count_recompute.c,3734,74c6653d7dc7d988d585cad8efb582fb5b23cc63d323e230b54115f2f79557af,CURRENT_SUBMISSION_BUILD,CURRENT_SUBMISSION_TREE,REPRODUCIBILITY_SUPPORT
analysis_scripts/design_recompute.R,983,8dedb291378065d7294fe142ca1e603388227269149120db66a6f4ad5c507785,CURRENT_SUBMISSION_BUILD,CURRENT_SUBMISSION_TREE,REPRODUCIBILITY_SUPPORT
artifacts/SBOM.spdx.json,9432,e02b3637b244dba1002bf221c479f289cb4270189d39922cf929adf02f52aa68,6d7d87b45c64c7f6f62ba818eb69b33c147d66e5,f2be0de9ac1c0d6cb55274d209254cab5b0f3f68,EVALUATED_SOFTWARE
artifacts/design-contract.schema.v1.0.0.json,4259,8755803b1a0224f5d41ab283a9ea3fe607228f40f4fec8d51c514d9b68294616,6d7d87b45c64c7f6f62ba818eb69b33c147d66e5,f2be0de9ac1c0d6cb55274d209254cab5b0f3f68,EVALUATED_SOFTWARE
artifacts/scdesignguard_nm03-0.1.0-py3-none-any.whl,15767,59b74e2e60315094fb5e9d70224eb7724d8839d75e2e3f8457042f2df0ec9986,6d7d87b45c64c7f6f62ba818eb69b33c147d66e5,f2be0de9ac1c0d6cb55274d209254cab5b0f3f68,EVALUATED_SOFTWARE
artifacts/scdesignguard_nm03_0.1.0.oci.tar,50994176,ad675089b934e6d96c1bfd83b9deb4fc6c9ac8dbda345ce9e08a9d7d9b21c85d,6d7d87b45c64c7f6f62ba818eb69b33c147d66e5,f2be0de9ac1c0d6cb55274d209254cab5b0f3f68,EVALUATED_SOFTWARE
pyproject.toml,649,56d8902896a2d26fe63baf2a82f7641d617ab6d8bfa9441244f166f007d15d28,6d7d87b45c64c7f6f62ba818eb69b33c147d66e5,f2be0de9ac1c0d6cb55274d209254cab5b0f3f68,REPRODUCIBILITY_SUPPORT
src/scdesignguard_nm03/__init__.py,555,ac7d1cc6ac39e411e06f0d030d7d2ae9d3d85d146976fead262405a0158f6d9e,6d7d87b45c64c7f6f62ba818eb69b33c147d66e5,f2be0de9ac1c0d6cb55274d209254cab5b0f3f68,EVALUATED_SOFTWARE
src/scdesignguard_nm03/blocker.py,1260,792329d0c1a236c99191dec4811a1a7c09f71aebefa0fe267164bb22f71ef57e,6d7d87b45c64c7f6f62ba818eb69b33c147d66e5,f2be0de9ac1c0d6cb55274d209254cab5b0f3f68,EVALUATED_SOFTWARE
src/scdesignguard_nm03/catalog.py,2788,75348ef2acd251398bb65f2ff4a0211c13110a3ae7fbed21c9f915a83efe5e9d,6d7d87b45c64c7f6f62ba818eb69b33c147d66e5,f2be0de9ac1c0d6cb55274d209254cab5b0f3f68,EVALUATED_SOFTWARE
src/scdesignguard_nm03/cli.py,2744,faad9e13ac87c8a3d8e17301bc959dacd45ad5993cbd0ffa73f03339811b51ff,6d7d87b45c64c7f6f62ba818eb69b33c147d66e5,f2be0de9ac1c0d6cb55274d209254cab5b0f3f68,EVALUATED_SOFTWARE
src/scdesignguard_nm03/compiler.py,10516,ef51c9024ff69d75722e9b8e380a6bc60db5894530edf747b85a43d74349bf42,6d7d87b45c64c7f6f62ba818eb69b33c147d66e5,f2be0de9ac1c0d6cb55274d209254cab5b0f3f68,EVALUATED_SOFTWARE
src/scdesignguard_nm03/engine.py,5743,126700c4152968ef8a8d9c482573a4699cd6e74d0c3b89e0ec7193dba68fa2d2,6d7d87b45c64c7f6f62ba818eb69b33c147d66e5,f2be0de9ac1c0d6cb55274d209254cab5b0f3f68,EVALUATED_SOFTWARE
src/scdesignguard_nm03/privacy.py,2214,b2ad4a31877621c602606d440f9d5b3d806db996584d3846df60caffa25896ea,6d7d87b45c64c7f6f62ba818eb69b33c147d66e5,f2be0de9ac1c0d6cb55274d209254cab5b0f3f68,EVALUATED_SOFTWARE
src/scdesignguard_nm03/repair.py,2641,85377edb69d45a8bb88315465181eecf32a6859758a7005fc87760d94ea4b920,6d7d87b45c64c7f6f62ba818eb69b33c147d66e5,f2be0de9ac1c0d6cb55274d209254cab5b0f3f68,EVALUATED_SOFTWARE
src/scdesignguard_nm03/report.py,1484,8a120855f70019bcc5e008828652fae6956c4d78849818e36e6b15841003bbe6,6d7d87b45c64c7f6f62ba818eb69b33c147d66e5,f2be0de9ac1c0d6cb55274d209254cab5b0f3f68,EVALUATED_SOFTWARE
src/scdesignguard_nm03/schemas/design-contract.schema.v1.0.0.json,4259,8755803b1a0224f5d41ab283a9ea3fe607228f40f4fec8d51c514d9b68294616,6d7d87b45c64c7f6f62ba818eb69b33c147d66e5,f2be0de9ac1c0d6cb55274d209254cab5b0f3f68,EVALUATED_SOFTWARE
tests/fixtures/valid.json,1195,f0b458b84be340dd71c149cc953a6fff8d240a5df14b2bc1bbed1490e8a53c6d,6d7d87b45c64c7f6f62ba818eb69b33c147d66e5,f2be0de9ac1c0d6cb55274d209254cab5b0f3f68,EVALUATED_SOFTWARE
tests/test_nm03.py,8234,57c067f25c390543d6034077106624be7b6af42aa7cbb0d7de5a6a99804c0fe5,6d7d87b45c64c7f6f62ba818eb69b33c147d66e5,f2be0de9ac1c0d6cb55274d209254cab5b0f3f68,EVALUATED_SOFTWARE
